<?xml version="1.0" encoding="UTF-8" standalone="yes"?>
<addon id="repository.stealth" name="Stealth Repo" version="1.0.0" provider-name="Stealth">
    <extension point="xbmc.addon.repository" name="Stealth Repository">
        <dir>
            <info compressed="false">https://raw.githubusercontent.com/nickyoung83/repository.stealth/master/repo/zips/addons.xml</info>
            <checksum>https://raw.githubusercontent.com/nickyoung83/repository.stealth/master/repo/zips/addons.xml.md5</checksum>
            <datadir zip="true">https://raw.githubusercontent.com/nickyoung83/repository.stealth/master/repo/zips/</datadir>
        </dir>
    </extension>
    <extension point="xbmc.addon.metadata">
        <summary>Stealth Repo</summary>
        <description>Stealth Repository for Kodi</description>
        <disclaimer></disclaimer>
        <platform>all</platform>
        <assets>
            <icon>icon.png</icon>
            <fanart>fanart.jpg</fanart>
        </assets>
    </extension>
</addon>